{
  "run_id": "20260220T164234Z",
  "name": "gav",
  "figi": "BBG004730N88",
  "days_back": 1095,
  "timeframe_min": 240,
  "ema_fast": 25,
  "ema_slow": 35,
  "bb_window": 20,
  "bb_dev": 1.0,
  "annual_return_pct": 18.16290642903087,
  "total_return_pct": 64.92810237228792,
  "max_drawdown_pct": -15.316571615689266,
  "trades": 26,
  "win_rate_pct": 61.53846153846154,
  "strategy_params": {
    "ema_fast": 25,
    "ema_slow": 35,
    "bb_window": 20,
    "bb_dev": 1.0,
    "timeframe_min": 240,
    "backcandles": 15
  },
  "trial_dir": "reports\\gav\\trial_20260220T164234Z",
  "plot_png": "reports\\gav\\trial_20260220T164234Z\\backtest.png",
  "trades_csv": "reports\\gav\\trial_20260220T164234Z\\trades.csv"
}
