{
  "run_id": "20260219T103542Z",
  "name": "dmitrii",
  "figi": "BBG004730N88",
  "days_back": 1095,
  "timeframe_min": 60,
  "ema_fast": 20,
  "ema_slow": 50,
  "bb_window": 20,
  "bb_dev": 2.0,
  "annual_return_pct": 8.21587956814318,
  "total_return_pct": 26.70757183452743,
  "max_drawdown_pct": -12.174109617928508,
  "trades": 65,
  "win_rate_pct": 53.84615384615385,
  "strategy_params": {
    "ema_fast": 20,
    "ema_slow": 50,
    "bb_window": 20,
    "bb_dev": 2.0,
    "timeframe_min": 60,
    "backcandles": 15
  },
  "trial_dir": "reports\\dmitrii\\trial_20260219T103542Z",
  "plot_png": "reports\\dmitrii\\trial_20260219T103542Z\\backtest.png",
  "trades_csv": "reports\\dmitrii\\trial_20260219T103542Z\\trades.csv"
}
