{
  "run_id": "20260220T163812Z",
  "name": "dmitrii",
  "figi": "BBG004730N88",
  "days_back": 1095,
  "timeframe_min": 240,
  "ema_fast": 20,
  "ema_slow": 50,
  "bb_window": 20,
  "bb_dev": 1.0,
  "annual_return_pct": 6.939138655748667,
  "total_return_pct": 22.278532026258134,
  "max_drawdown_pct": -19.43057984302262,
  "trades": 22,
  "win_rate_pct": 59.09090909090909,
  "strategy_params": {
    "ema_fast": 20,
    "ema_slow": 50,
    "bb_window": 20,
    "bb_dev": 1.0,
    "timeframe_min": 240,
    "backcandles": 15
  },
  "trial_dir": "reports\\dmitrii\\trial_20260220T163812Z",
  "plot_png": "reports\\dmitrii\\trial_20260220T163812Z\\backtest.png",
  "trades_csv": "reports\\dmitrii\\trial_20260220T163812Z\\trades.csv"
}
