{
  "run_id": "20260220T164446Z",
  "name": "julia",
  "figi": "BBG004730N88",
  "days_back": 1095,
  "timeframe_min": 60,
  "ema_fast": 30,
  "ema_slow": 35,
  "bb_window": 30,
  "bb_dev": 1.0,
  "annual_return_pct": 27.747665199468695,
  "total_return_pct": 108.37256143455392,
  "max_drawdown_pct": -11.858234507713695,
  "trades": 83,
  "win_rate_pct": 51.80722891566265,
  "strategy_params": {
    "ema_fast": 30,
    "ema_slow": 35,
    "bb_window": 30,
    "bb_dev": 1.0,
    "timeframe_min": 60,
    "backcandles": 15
  },
  "trial_dir": "reports\\julia\\trial_20260220T164446Z",
  "plot_png": "reports\\julia\\trial_20260220T164446Z\\backtest.png",
  "trades_csv": "reports\\julia\\trial_20260220T164446Z\\trades.csv"
}
