{
  "run_id": "20260220T163814Z",
  "name": "mary",
  "figi": "BBG004730N88",
  "days_back": 1095,
  "timeframe_min": 240,
  "ema_fast": 25,
  "ema_slow": 60,
  "bb_window": 20,
  "bb_dev": 1.0,
  "annual_return_pct": 7.2550877451386775,
  "total_return_pct": 23.364796810872267,
  "max_drawdown_pct": -18.826730485836762,
  "trades": 21,
  "win_rate_pct": 61.904761904761905,
  "strategy_params": {
    "ema_fast": 25,
    "ema_slow": 60,
    "bb_window": 20,
    "bb_dev": 1.0,
    "timeframe_min": 240,
    "backcandles": 15
  },
  "trial_dir": "reports\\mary\\trial_20260220T163814Z",
  "plot_png": "reports\\mary\\trial_20260220T163814Z\\backtest.png",
  "trades_csv": "reports\\mary\\trial_20260220T163814Z\\trades.csv"
}
