{
  "run_id": "20260220T165313Z",
  "name": "eeeee",
  "figi": "BBG004730N88",
  "days_back": 1095,
  "timeframe_min": 120,
  "ema_fast": 30,
  "ema_slow": 46,
  "bb_window": 40,
  "bb_dev": 1.0,
  "annual_return_pct": 10.169203446217923,
  "total_return_pct": 33.68856516965424,
  "max_drawdown_pct": -18.834210897222782,
  "trades": 35,
  "win_rate_pct": 54.285714285714285,
  "strategy_params": {
    "ema_fast": 30,
    "ema_slow": 46,
    "bb_window": 40,
    "bb_dev": 1.0,
    "timeframe_min": 120,
    "backcandles": 15
  },
  "trial_dir": "reports\\eeeee\\trial_20260220T165313Z",
  "plot_png": "reports\\eeeee\\trial_20260220T165313Z\\backtest.png",
  "trades_csv": "reports\\eeeee\\trial_20260220T165313Z\\trades.csv"
}
