{
  "run_id": "20260220T165033Z",
  "name": "eeeee",
  "figi": "BBG004730N88",
  "days_back": 1095,
  "timeframe_min": 120,
  "ema_fast": 30,
  "ema_slow": 40,
  "bb_window": 40,
  "bb_dev": 1.0,
  "annual_return_pct": 6.221890096237037,
  "total_return_pct": 19.836260176266695,
  "max_drawdown_pct": -26.675288187747505,
  "trades": 36,
  "win_rate_pct": 55.55555555555556,
  "strategy_params": {
    "ema_fast": 30,
    "ema_slow": 40,
    "bb_window": 40,
    "bb_dev": 1.0,
    "timeframe_min": 120,
    "backcandles": 15
  },
  "trial_dir": "reports\\eeeee\\trial_20260220T165033Z",
  "plot_png": "reports\\eeeee\\trial_20260220T165033Z\\backtest.png",
  "trades_csv": "reports\\eeeee\\trial_20260220T165033Z\\trades.csv"
}
