{
  "run_id": "20260220T164318Z",
  "name": "julia",
  "figi": "BBG004730N88",
  "days_back": 1095,
  "timeframe_min": 60,
  "ema_fast": 30,
  "ema_slow": 60,
  "bb_window": 30,
  "bb_dev": 1.0,
  "annual_return_pct": 25.459767332286365,
  "total_return_pct": 97.38364537153248,
  "max_drawdown_pct": -11.419113038594276,
  "trades": 72,
  "win_rate_pct": 47.22222222222222,
  "strategy_params": {
    "ema_fast": 30,
    "ema_slow": 60,
    "bb_window": 30,
    "bb_dev": 1.0,
    "timeframe_min": 60,
    "backcandles": 15
  },
  "trial_dir": "reports\\julia\\trial_20260220T164318Z",
  "plot_png": "reports\\julia\\trial_20260220T164318Z\\backtest.png",
  "trades_csv": "reports\\julia\\trial_20260220T164318Z\\trades.csv"
}
